{
  "members": [
    {
      "name": "Tech Solutions Arequipa",
      "address": "Av. Ejército 1204, Cerro Colorado, Arequipa",
      "phone": "948123456",
      "website": "https://techsolutionsaqp.com",
      "image": "member1.jpg",
      "membership": 3,
      "description": "IT consulting and software development for Arequipa businesses since 2012.",
      "category": "Technology",
      "hours": "Mon-Fri 8:00 AM - 6:00 PM"
    },
    {
      "name": "Café Tradición Arequipeña",
      "address": "Calle San Francisco 315, Historic Center, Arequipa",
      "phone": "948234567",
      "website": "https://cafetradicionaqp.com",
      "image": "member2.jpg",
      "membership": 2,
      "description": "Traditional coffee house featuring organic coffee from Arequipa valleys and local pastries.",
      "category": "Food & Beverage",
      "hours": "Mon-Sun 7:00 AM - 10:00 PM"
    },
    {
      "name": "Architecture & Design AQP",
      "address": "Av. Parra 567, Cercado, Arequipa",
      "phone": "948345678",
      "website": "https://architecturedesignaqp.pe",
      "image": "member3.jpg",
      "membership": 1,
      "description": "Architecture firm specializing in seismic design and construction with volcanic stone.",
      "category": "Professional Services",
      "hours": "Mon-Fri 9:00 AM - 5:00 PM"
    },
    {
      "name": "EcoMarket Arequipa",
      "address": "Av. Goyeneche 789, Yanahuara, Arequipa",
      "phone": "948456789",
      "website": "https://ecomarketaqp.com",
      "image": "member4.jpg",
      "membership": 2,
      "description": "Sustainable products and eco-friendly alternatives for conscious consumers.",
      "category": "Retail",
      "hours": "Mon-Sat 9:00 AM - 8:00 PM, Sun 10:00 AM - 6:00 PM"
    },
    {
      "name": "Fast Logistics AQP",
      "address": "Av. Alcides Carrión 234, José Luis Bustamante, Arequipa",
      "phone": "948567890",
      "website": "https://fastlogisticsaqp.com.pe",
      "image": "member5.jpg",
      "membership": 3,
      "description": "Logistics and delivery services throughout Arequipa and southern Peru.",
      "category": "Logistics",
      "hours": "24/7 emergency services available"
    },
    {
      "name": "Flowers of Misti",
      "address": "San Camilo Market, Stand 45, Cercado, Arequipa",
      "phone": "948678901",
      "website": "https://flowersofmisti.pe",
      "image": "member6.jpg",
      "membership": 1,
      "description": "Fresh floral arrangements and decorative plants for all occasions.",
      "category": "Retail",
      "hours": "Mon-Sat 6:00 AM - 7:00 PM, Sun 7:00 AM - 3:00 PM"
    },
    {
      "name": "Volcanic Gym",
      "address": "Av. Cayma 1234, Cayma, Arequipa",
      "phone": "948789012",
      "website": "https://volcanic-gym.pe",
      "image": "member7.jpg",
      "membership": 2,
      "description": "Modern fitness center with personal training and group classes.",
      "category": "Health & Wellness",
      "hours": "Mon-Fri 5:00 AM - 11:00 PM, Sat-Sun 6:00 AM - 9:00 PM"
    }
  ]
}